customer_id,gender,age,city
CUST0001,Male,19,Hyderabad
CUST0002,Female,32,Bangalore
CUST0003,Female,69,Mumbai
CUST0004,Female,23,Hyderabad
CUST0005,Male,52,Delhi
CUST0006,Female,43,Kolkata
CUST0007,Female,65,Kolkata
CUST0008,Male,42,Mumbai
CUST0009,Female,18,Pune
CUST0010,Male,56,Pune
CUST0011,Male,26,Bangalore
CUST0012,Female,51,Delhi
CUST0013,Male,35,Chennai
CUST0014,Female,45,Chennai
CUST0015,Male,35,Mumbai
CUST0016,Female,49,Pune
CUST0017,Female,27,Kolkata
CUST0018,Male,29,Bangalore
CUST0019,Male,60,Delhi
CUST0020,Male,52,Hyderabad
CUST0021,Male,60,Mumbai
CUST0022,Female,31,Bangalore
CUST0023,Male,65,Pune
CUST0024,Male,40,Delhi
CUST0025,Male,65,Pune
CUST0026,Female,40,Pune
CUST0027,Female,19,Kolkata
CUST0028,Male,34,Bangalore
CUST0029,Female,60,Hyderabad
CUST0030,Male,57,Chennai
CUST0031,Male,60,Kolkata
CUST0032,Male,47,Pune
CUST0033,Female,32,Chennai
CUST0034,Female,53,Hyderabad
CUST0035,Female,33,Chennai
CUST0036,Male,31,Chennai
CUST0037,Female,52,Kolkata
CUST0038,Male,43,Pune
CUST0039,Female,34,Delhi
CUST0040,Male,33,Delhi
CUST0041,Male,37,Kolkata
CUST0042,Male,68,Chennai
CUST0043,Male,45,Bangalore
CUST0044,Female,33,Bangalore
CUST0045,Male,51,Bangalore
CUST0046,Female,48,Hyderabad
CUST0047,Male,30,Bangalore
CUST0048,Male,21,Bangalore
CUST0049,Female,25,Chennai
CUST0050,Male,67,Hyderabad
CUST0051,Male,28,Bangalore
CUST0052,Male,45,Bangalore
CUST0053,Female,25,Kolkata
CUST0054,Female,19,Mumbai
CUST0055,Female,58,Kolkata
CUST0056,Male,47,Mumbai
CUST0057,Female,57,Hyderabad
CUST0058,Male,37,Bangalore
CUST0059,Female,48,Delhi
CUST0060,Female,64,Pune
CUST0061,Male,62,Mumbai
CUST0062,Female,20,Chennai
CUST0063,Female,39,Hyderabad
CUST0064,Female,32,Bangalore
CUST0065,Female,27,Hyderabad
CUST0066,Female,47,Pune
CUST0067,Female,30,Hyderabad
CUST0068,Male,56,Pune
CUST0069,Male,58,Mumbai
CUST0070,Male,68,Pune
CUST0071,Male,47,Hyderabad
CUST0072,Female,55,Hyderabad
CUST0073,Female,62,Hyderabad
CUST0074,Female,55,Hyderabad
CUST0075,Female,52,Delhi
CUST0076,Male,68,Delhi
CUST0077,Female,27,Mumbai
CUST0078,Female,51,Bangalore
CUST0079,Female,59,Kolkata
CUST0080,Female,42,Delhi
CUST0081,Female,45,Kolkata
CUST0082,Male,55,Chennai
CUST0083,Male,24,Bangalore
CUST0084,Male,29,Delhi
CUST0085,Male,42,Chennai
CUST0086,Female,44,Kolkata
CUST0087,Male,18,Kolkata
CUST0088,Female,22,Mumbai
CUST0089,Female,62,Hyderabad
CUST0090,Male,51,Mumbai
CUST0091,Female,47,Bangalore
CUST0092,Male,37,Delhi
CUST0093,Female,69,Delhi
CUST0094,Male,63,Bangalore
CUST0095,Male,39,Mumbai
CUST0096,Male,37,Chennai
CUST0097,Male,32,Kolkata
CUST0098,Male,64,Chennai
CUST0099,Male,41,Bangalore
CUST0100,Male,63,Bangalore
CUST0101,Male,44,Mumbai
CUST0102,Male,36,Kolkata
CUST0103,Female,25,Mumbai
CUST0104,Female,45,Pune
CUST0105,Female,20,Delhi
CUST0106,Female,52,Mumbai
CUST0107,Male,68,Hyderabad
CUST0108,Female,35,Delhi
CUST0109,Female,23,Chennai
CUST0110,Female,46,Pune
CUST0111,Male,19,Hyderabad
CUST0112,Female,41,Kolkata
CUST0113,Male,34,Pune
CUST0114,Female,60,Mumbai
CUST0115,Male,33,Delhi
CUST0116,Male,38,Mumbai
CUST0117,Female,63,Kolkata
CUST0118,Male,55,Hyderabad
CUST0119,Female,59,Delhi
CUST0120,Male,28,Kolkata
CUST0121,Male,38,Bangalore
CUST0122,Female,30,Delhi
CUST0123,Male,36,Chennai
CUST0124,Male,54,Bangalore
CUST0125,Female,66,Mumbai
CUST0126,Female,57,Bangalore
CUST0127,Female,61,Hyderabad
CUST0128,Female,27,Pune
CUST0129,Male,63,Hyderabad
CUST0130,Female,57,Pune
CUST0131,Female,36,Chennai
CUST0132,Female,65,Hyderabad
CUST0133,Male,21,Chennai
CUST0134,Male,66,Mumbai
CUST0135,Female,29,Hyderabad
CUST0136,Female,26,Pune
CUST0137,Male,29,Bangalore
CUST0138,Female,37,Hyderabad
CUST0139,Male,58,Kolkata
CUST0140,Male,66,Kolkata
CUST0141,Male,28,Delhi
CUST0142,Female,61,Chennai
CUST0143,Male,36,Kolkata
CUST0144,Male,59,Chennai
CUST0145,Male,33,Mumbai
CUST0146,Male,22,Mumbai
CUST0147,Female,32,Kolkata
CUST0148,Male,58,Pune
CUST0149,Male,37,Delhi
CUST0150,Male,21,Bangalore
CUST0151,Male,31,Bangalore
CUST0152,Female,47,Bangalore
CUST0153,Female,20,Hyderabad
CUST0154,Female,34,Delhi
CUST0155,Male,22,Kolkata
CUST0156,Female,60,Mumbai
CUST0157,Male,24,Bangalore
CUST0158,Male,59,Delhi
CUST0159,Male,32,Pune
CUST0160,Female,19,Hyderabad
CUST0161,Male,68,Pune
CUST0162,Female,49,Hyderabad
CUST0163,Male,65,Kolkata
CUST0164,Female,24,Mumbai
CUST0165,Male,61,Mumbai
CUST0166,Female,56,Hyderabad
CUST0167,Male,37,Bangalore
CUST0168,Female,41,Chennai
CUST0169,Female,62,Kolkata
CUST0170,Female,55,Mumbai
CUST0171,Female,28,Kolkata
CUST0172,Male,46,Hyderabad
CUST0173,Male,40,Delhi
CUST0174,Male,39,Pune
CUST0175,Female,58,Delhi
CUST0176,Male,69,Pune
CUST0177,Female,57,Chennai
CUST0178,Male,54,Delhi
CUST0179,Female,26,Pune
CUST0180,Male,36,Kolkata
CUST0181,Male,66,Delhi
CUST0182,Male,31,Hyderabad
CUST0183,Female,36,Mumbai
CUST0184,Male,33,Pune
CUST0185,Male,43,Bangalore
CUST0186,Male,68,Bangalore
CUST0187,Male,20,Hyderabad
CUST0188,Female,28,Mumbai
CUST0189,Female,22,Delhi
CUST0190,Male,24,Mumbai
CUST0191,Female,57,Kolkata
CUST0192,Female,67,Kolkata
CUST0193,Male,51,Delhi
CUST0194,Male,34,Delhi
CUST0195,Male,69,Chennai
CUST0196,Male,37,Bangalore
CUST0197,Male,67,Bangalore
CUST0198,Male,54,Pune
CUST0199,Female,32,Chennai
CUST0200,Male,47,Chennai
CUST0201,Male,64,Pune
CUST0202,Female,24,Bangalore
CUST0203,Female,65,Pune
CUST0204,Female,62,Delhi
CUST0205,Female,67,Hyderabad
CUST0206,Male,40,Pune
CUST0207,Male,25,Delhi
CUST0208,Male,30,Chennai
CUST0209,Male,42,Chennai
CUST0210,Male,23,Kolkata
CUST0211,Female,42,Delhi
CUST0212,Male,60,Pune
CUST0213,Male,29,Chennai
CUST0214,Female,29,Pune
CUST0215,Female,21,Mumbai
CUST0216,Female,68,Bangalore
CUST0217,Female,26,Kolkata
CUST0218,Male,58,Bangalore
CUST0219,Female,18,Chennai
CUST0220,Female,52,Delhi
CUST0221,Female,28,Kolkata
CUST0222,Female,28,Bangalore
CUST0223,Male,45,Pune
CUST0224,Female,48,Mumbai
CUST0225,Female,54,Kolkata
CUST0226,Female,54,Delhi
CUST0227,Female,29,Pune
CUST0228,Male,23,Kolkata
CUST0229,Male,24,Kolkata
CUST0230,Female,20,Hyderabad
CUST0231,Male,32,Hyderabad
CUST0232,Female,66,Mumbai
CUST0233,Male,30,Delhi
CUST0234,Male,41,Kolkata
CUST0235,Male,32,Pune
CUST0236,Female,63,Pune
CUST0237,Female,53,Delhi
CUST0238,Female,60,Bangalore
CUST0239,Male,61,Delhi
CUST0240,Female,26,Chennai
CUST0241,Female,41,Delhi
CUST0242,Male,26,Hyderabad
CUST0243,Male,18,Chennai
CUST0244,Female,18,Mumbai
CUST0245,Male,62,Chennai
CUST0246,Male,39,Delhi
CUST0247,Male,25,Chennai
CUST0248,Female,42,Pune
CUST0249,Male,50,Chennai
CUST0250,Male,62,Hyderabad
CUST0251,Male,47,Delhi
CUST0252,Male,26,Chennai
CUST0253,Female,42,Kolkata
CUST0254,Female,29,Delhi
CUST0255,Male,60,Kolkata
CUST0256,Male,18,Hyderabad
CUST0257,Female,43,Delhi
CUST0258,Male,70,Pune
CUST0259,Female,63,Mumbai
CUST0260,Female,26,Pune
CUST0261,Male,67,Mumbai
CUST0262,Male,64,Chennai
CUST0263,Male,26,Hyderabad
CUST0264,Male,50,Pune
CUST0265,Female,69,Pune
CUST0266,Female,31,Chennai
CUST0267,Female,53,Pune
CUST0268,Male,36,Delhi
CUST0269,Female,47,Mumbai
CUST0270,Male,68,Kolkata
CUST0271,Female,53,Kolkata
CUST0272,Female,50,Hyderabad
CUST0273,Male,31,Mumbai
CUST0274,Female,53,Hyderabad
CUST0275,Male,66,Chennai
CUST0276,Female,70,Mumbai
CUST0277,Male,20,Mumbai
CUST0278,Male,29,Bangalore
CUST0279,Female,26,Pune
CUST0280,Female,45,Bangalore
CUST0281,Female,53,Hyderabad
CUST0282,Male,70,Bangalore
CUST0283,Male,47,Mumbai
CUST0284,Female,40,Delhi
CUST0285,Female,24,Kolkata
CUST0286,Female,40,Hyderabad
CUST0287,Male,60,Mumbai
CUST0288,Male,58,Pune
CUST0289,Female,23,Hyderabad
CUST0290,Female,47,Pune
CUST0291,Male,23,Chennai
CUST0292,Female,40,Kolkata
CUST0293,Male,51,Kolkata
CUST0294,Female,61,Chennai
CUST0295,Male,60,Delhi
CUST0296,Male,42,Chennai
CUST0297,Female,63,Kolkata
CUST0298,Male,57,Delhi
CUST0299,Male,23,Chennai
CUST0300,Male,34,Hyderabad
CUST0301,Female,42,Pune
CUST0302,Male,61,Bangalore
CUST0303,Male,54,Mumbai
CUST0304,Male,57,Chennai
CUST0305,Female,57,Delhi
CUST0306,Female,48,Chennai
CUST0307,Male,38,Pune
CUST0308,Female,41,Hyderabad
CUST0309,Male,48,Kolkata
CUST0310,Male,43,Bangalore
CUST0311,Male,44,Kolkata
CUST0312,Female,47,Mumbai
CUST0313,Female,38,Hyderabad
CUST0314,Male,60,Pune
CUST0315,Male,24,Mumbai
CUST0316,Male,20,Hyderabad
CUST0317,Female,51,Pune
CUST0318,Male,40,Pune
CUST0319,Male,53,Kolkata
CUST0320,Female,36,Delhi
CUST0321,Male,21,Pune
CUST0322,Female,41,Pune
CUST0323,Female,18,Mumbai
CUST0324,Female,42,Delhi
CUST0325,Male,58,Mumbai
CUST0326,Female,67,Kolkata
CUST0327,Female,69,Kolkata
CUST0328,Male,52,Kolkata
CUST0329,Female,64,Pune
CUST0330,Male,57,Kolkata
CUST0331,Female,60,Chennai
CUST0332,Male,41,Delhi
CUST0333,Male,52,Delhi
CUST0334,Male,68,Pune
CUST0335,Female,56,Delhi
CUST0336,Male,37,Bangalore
CUST0337,Female,55,Kolkata
CUST0338,Male,56,Hyderabad
CUST0339,Male,58,Pune
CUST0340,Male,32,Hyderabad
CUST0341,Male,66,Hyderabad
CUST0342,Female,45,Mumbai
CUST0343,Male,61,Chennai
CUST0344,Female,19,Bangalore
CUST0345,Male,21,Hyderabad
CUST0346,Female,32,Hyderabad
CUST0347,Male,20,Pune
CUST0348,Male,58,Hyderabad
CUST0349,Male,44,Mumbai
CUST0350,Female,62,Delhi
CUST0351,Male,38,Delhi
CUST0352,Female,56,Chennai
CUST0353,Female,26,Chennai
CUST0354,Female,62,Kolkata
CUST0355,Male,46,Delhi
CUST0356,Male,36,Hyderabad
CUST0357,Female,23,Hyderabad
CUST0358,Male,47,Delhi
CUST0359,Female,64,Delhi
CUST0360,Female,37,Pune
CUST0361,Female,52,Kolkata
CUST0362,Male,21,Kolkata
CUST0363,Male,47,Pune
CUST0364,Female,39,Pune
CUST0365,Female,45,Bangalore
CUST0366,Male,18,Hyderabad
CUST0367,Female,34,Hyderabad
CUST0368,Female,48,Bangalore
CUST0369,Male,31,Chennai
CUST0370,Male,56,Kolkata
CUST0371,Female,29,Pune
CUST0372,Female,67,Pune
CUST0373,Male,39,Bangalore
CUST0374,Female,60,Mumbai
CUST0375,Male,22,Hyderabad
CUST0376,Female,57,Pune
CUST0377,Female,48,Delhi
CUST0378,Male,48,Kolkata
CUST0379,Female,43,Kolkata
CUST0380,Male,29,Delhi
CUST0381,Female,38,Mumbai
CUST0382,Male,61,Bangalore
CUST0383,Male,18,Mumbai
CUST0384,Male,48,Hyderabad
CUST0385,Female,60,Pune
CUST0386,Female,42,Chennai
CUST0387,Female,25,Hyderabad
CUST0388,Male,61,Pune
CUST0389,Female,36,Delhi
CUST0390,Female,49,Kolkata
CUST0391,Male,60,Pune
CUST0392,Male,49,Mumbai
CUST0393,Female,43,Pune
CUST0394,Female,42,Hyderabad
CUST0395,Female,47,Delhi
CUST0396,Female,40,Delhi
CUST0397,Male,56,Bangalore
CUST0398,Female,62,Chennai
CUST0399,Male,57,Kolkata
CUST0400,Female,67,Pune
CUST0401,Female,48,Bangalore
CUST0402,Female,43,Chennai
CUST0403,Male,37,Chennai
CUST0404,Male,68,Delhi
CUST0405,Female,25,Kolkata
CUST0406,Male,33,Delhi
CUST0407,Female,56,Pune
CUST0408,Male,55,Pune
CUST0409,Female,67,Hyderabad
CUST0410,Male,31,Delhi
CUST0411,Male,30,Pune
CUST0412,Female,49,Mumbai
CUST0413,Male,68,Mumbai
CUST0414,Female,30,Mumbai
CUST0415,Female,35,Kolkata
CUST0416,Male,68,Hyderabad
CUST0417,Male,33,Hyderabad
CUST0418,Male,45,Bangalore
CUST0419,Female,33,Bangalore
CUST0420,Female,63,Kolkata
CUST0421,Female,65,Delhi
CUST0422,Male,26,Bangalore
CUST0423,Female,49,Chennai
CUST0424,Male,36,Mumbai
CUST0425,Female,40,Hyderabad
CUST0426,Female,49,Mumbai
CUST0427,Female,36,Kolkata
CUST0428,Male,46,Chennai
CUST0429,Male,47,Bangalore
CUST0430,Male,64,Mumbai
CUST0431,Male,68,Mumbai
CUST0432,Female,41,Chennai
CUST0433,Female,26,Chennai
CUST0434,Male,53,Chennai
CUST0435,Male,19,Delhi
CUST0436,Male,66,Hyderabad
CUST0437,Male,34,Bangalore
CUST0438,Male,50,Kolkata
CUST0439,Female,70,Pune
CUST0440,Male,44,Pune
CUST0441,Female,29,Delhi
CUST0442,Female,66,Delhi
CUST0443,Male,55,Pune
CUST0444,Male,51,Delhi
CUST0445,Male,40,Delhi
CUST0446,Male,38,Chennai
CUST0447,Female,29,Bangalore
CUST0448,Male,39,Bangalore
CUST0449,Female,60,Delhi
CUST0450,Male,49,Chennai
CUST0451,Male,36,Chennai
CUST0452,Male,20,Hyderabad
CUST0453,Female,48,Pune
CUST0454,Female,40,Kolkata
CUST0455,Male,62,Kolkata
CUST0456,Male,38,Kolkata
CUST0457,Female,41,Chennai
CUST0458,Male,57,Bangalore
CUST0459,Female,45,Pune
CUST0460,Female,35,Mumbai
CUST0461,Female,45,Delhi
CUST0462,Male,30,Bangalore
CUST0463,Male,59,Chennai
CUST0464,Male,33,Hyderabad
CUST0465,Female,69,Bangalore
CUST0466,Female,48,Pune
CUST0467,Male,62,Bangalore
CUST0468,Female,23,Pune
CUST0469,Female,48,Bangalore
CUST0470,Female,62,Kolkata
CUST0471,Male,56,Mumbai
CUST0472,Female,42,Mumbai
CUST0473,Male,41,Pune
CUST0474,Female,36,Bangalore
CUST0475,Male,57,Chennai
CUST0476,Female,65,Chennai
CUST0477,Female,26,Bangalore
CUST0478,Male,26,Hyderabad
CUST0479,Female,66,Chennai
CUST0480,Male,49,Mumbai
CUST0481,Male,65,Delhi
CUST0482,Female,19,Delhi
CUST0483,Female,20,Kolkata
CUST0484,Female,23,Hyderabad
CUST0485,Male,25,Chennai
CUST0486,Female,54,Hyderabad
CUST0487,Male,49,Mumbai
CUST0488,Female,36,Delhi
CUST0489,Male,65,Bangalore
CUST0490,Male,31,Chennai
CUST0491,Female,37,Delhi
CUST0492,Male,48,Hyderabad
CUST0493,Female,49,Kolkata
CUST0494,Female,20,Hyderabad
CUST0495,Female,48,Hyderabad
CUST0496,Female,56,Hyderabad
CUST0497,Female,26,Hyderabad
CUST0498,Male,29,Kolkata
CUST0499,Female,27,Delhi
CUST0500,Male,50,Bangalore
CUST0501,Female,70,Bangalore
CUST0502,Female,41,Hyderabad
CUST0503,Female,19,Hyderabad
CUST0504,Male,54,Bangalore
CUST0505,Male,70,Chennai
CUST0506,Male,37,Delhi
CUST0507,Female,33,Bangalore
CUST0508,Male,47,Hyderabad
CUST0509,Male,63,Mumbai
CUST0510,Female,31,Chennai
CUST0511,Male,27,Kolkata
CUST0512,Female,25,Kolkata
CUST0513,Female,21,Bangalore
CUST0514,Female,48,Mumbai
CUST0515,Female,39,Mumbai
CUST0516,Male,54,Chennai
CUST0517,Male,69,Delhi
CUST0518,Male,36,Bangalore
CUST0519,Male,44,Delhi
CUST0520,Female,21,Kolkata
CUST0521,Male,37,Chennai
CUST0522,Male,18,Bangalore
CUST0523,Male,55,Mumbai
CUST0524,Female,61,Hyderabad
CUST0525,Male,59,Hyderabad
CUST0526,Male,52,Delhi
CUST0527,Male,47,Hyderabad
CUST0528,Male,32,Mumbai
CUST0529,Male,60,Hyderabad
CUST0530,Female,61,Kolkata
CUST0531,Male,64,Delhi
CUST0532,Male,30,Bangalore
CUST0533,Male,70,Pune
CUST0534,Male,68,Pune
CUST0535,Female,32,Delhi
CUST0536,Male,56,Mumbai
CUST0537,Male,69,Bangalore
CUST0538,Male,51,Hyderabad
CUST0539,Female,56,Hyderabad
CUST0540,Male,47,Delhi
CUST0541,Male,40,Bangalore
CUST0542,Male,29,Mumbai
CUST0543,Female,47,Bangalore
CUST0544,Female,56,Kolkata
CUST0545,Female,31,Hyderabad
CUST0546,Female,51,Chennai
CUST0547,Male,41,Chennai
CUST0548,Female,69,Delhi
CUST0549,Female,32,Pune
CUST0550,Female,18,Mumbai
CUST0551,Female,32,Chennai
CUST0552,Female,53,Pune
CUST0553,Female,38,Bangalore
CUST0554,Female,58,Delhi
CUST0555,Female,21,Pune
CUST0556,Male,26,Delhi
CUST0557,Female,56,Pune
CUST0558,Female,43,Pune
CUST0559,Male,35,Pune
CUST0560,Female,44,Chennai
CUST0561,Male,18,Bangalore
CUST0562,Male,28,Delhi
CUST0563,Male,46,Mumbai
CUST0564,Female,33,Pune
CUST0565,Male,64,Bangalore
CUST0566,Female,29,Pune
CUST0567,Female,24,Bangalore
CUST0568,Male,58,Delhi
CUST0569,Male,37,Hyderabad
CUST0570,Female,65,Mumbai
CUST0571,Male,60,Hyderabad
CUST0572,Male,31,Mumbai
CUST0573,Male,37,Hyderabad
CUST0574,Female,66,Bangalore
CUST0575,Female,47,Hyderabad
CUST0576,Female,49,Chennai
CUST0577,Male,30,Mumbai
CUST0578,Female,20,Pune
CUST0579,Male,18,Pune
CUST0580,Female,34,Pune
CUST0581,Male,35,Mumbai
CUST0582,Male,41,Bangalore
CUST0583,Female,46,Delhi
CUST0584,Female,66,Chennai
CUST0585,Female,41,Delhi
CUST0586,Female,62,Chennai
CUST0587,Female,60,Mumbai
CUST0588,Female,43,Mumbai
CUST0589,Male,26,Pune
CUST0590,Male,24,Hyderabad
CUST0591,Male,60,Hyderabad
CUST0592,Female,59,Delhi
CUST0593,Female,26,Mumbai
CUST0594,Male,24,Hyderabad
CUST0595,Male,56,Hyderabad
CUST0596,Male,64,Hyderabad
CUST0597,Female,40,Mumbai
CUST0598,Male,46,Chennai
CUST0599,Male,21,Chennai
CUST0600,Male,20,Bangalore
CUST0601,Female,41,Mumbai
CUST0602,Female,48,Delhi
CUST0603,Male,66,Delhi
CUST0604,Female,66,Pune
CUST0605,Female,60,Pune
CUST0606,Male,26,Chennai
CUST0607,Male,52,Mumbai
CUST0608,Female,70,Bangalore
CUST0609,Female,27,Pune
CUST0610,Female,24,Pune
CUST0611,Female,48,Pune
CUST0612,Male,61,Pune
CUST0613,Male,37,Kolkata
CUST0614,Female,69,Pune
CUST0615,Male,63,Mumbai
CUST0616,Female,21,Chennai
CUST0617,Female,34,Bangalore
CUST0618,Female,24,Chennai
CUST0619,Male,27,Hyderabad
CUST0620,Female,18,Chennai
CUST0621,Female,25,Chennai
CUST0622,Male,25,Bangalore
CUST0623,Female,49,Mumbai
CUST0624,Female,63,Kolkata
CUST0625,Male,23,Bangalore
CUST0626,Female,40,Mumbai
CUST0627,Female,49,Kolkata
CUST0628,Female,23,Chennai
CUST0629,Male,52,Kolkata
CUST0630,Male,28,Pune
CUST0631,Female,53,Bangalore
CUST0632,Male,36,Hyderabad
CUST0633,Male,70,Bangalore
CUST0634,Female,21,Kolkata
CUST0635,Male,64,Bangalore
CUST0636,Male,48,Mumbai
CUST0637,Female,61,Pune
CUST0638,Male,66,Pune
CUST0639,Female,70,Mumbai
CUST0640,Male,32,Bangalore
CUST0641,Female,22,Chennai
CUST0642,Male,60,Pune
CUST0643,Male,38,Pune
CUST0644,Female,40,Chennai
CUST0645,Female,52,Pune
CUST0646,Male,41,Chennai
CUST0647,Male,31,Delhi
CUST0648,Male,48,Kolkata
CUST0649,Female,48,Chennai
CUST0650,Female,61,Chennai
CUST0651,Male,65,Hyderabad
CUST0652,Female,30,Bangalore
CUST0653,Male,53,Chennai
CUST0654,Male,38,Pune
CUST0655,Female,48,Kolkata
CUST0656,Female,46,Mumbai
CUST0657,Female,24,Delhi
CUST0658,Male,29,Pune
CUST0659,Male,46,Mumbai
CUST0660,Male,27,Pune
CUST0661,Female,24,Chennai
CUST0662,Male,62,Pune
CUST0663,Female,68,Pune
CUST0664,Female,44,Chennai
CUST0665,Male,62,Hyderabad
CUST0666,Female,18,Pune
CUST0667,Male,58,Hyderabad
CUST0668,Male,41,Pune
CUST0669,Female,25,Pune
CUST0670,Male,23,Delhi
CUST0671,Female,44,Hyderabad
CUST0672,Female,18,Delhi
CUST0673,Male,19,Hyderabad
CUST0674,Female,21,Mumbai
CUST0675,Male,58,Kolkata
CUST0676,Male,54,Kolkata
CUST0677,Male,64,Mumbai
CUST0678,Female,34,Hyderabad
CUST0679,Female,42,Kolkata
CUST0680,Male,28,Bangalore
CUST0681,Male,32,Chennai
CUST0682,Female,30,Chennai
CUST0683,Female,45,Bangalore
CUST0684,Female,36,Bangalore
CUST0685,Male,18,Kolkata
CUST0686,Male,54,Mumbai
CUST0687,Female,55,Bangalore
CUST0688,Male,22,Bangalore
CUST0689,Female,49,Delhi
CUST0690,Male,64,Kolkata
CUST0691,Female,35,Mumbai
CUST0692,Female,60,Hyderabad
CUST0693,Male,62,Kolkata
CUST0694,Female,66,Mumbai
CUST0695,Male,35,Delhi
CUST0696,Female,60,Chennai
CUST0697,Female,41,Chennai
CUST0698,Male,61,Hyderabad
CUST0699,Female,43,Delhi
CUST0700,Male,29,Hyderabad
CUST0701,Female,45,Pune
CUST0702,Male,54,Bangalore
CUST0703,Female,34,Mumbai
CUST0704,Female,49,Bangalore
CUST0705,Female,51,Kolkata
CUST0706,Male,45,Kolkata
CUST0707,Male,37,Pune
CUST0708,Male,21,Delhi
CUST0709,Female,40,Kolkata
CUST0710,Male,61,Chennai
CUST0711,Male,26,Kolkata
CUST0712,Male,67,Bangalore
CUST0713,Male,66,Chennai
CUST0714,Female,21,Mumbai
CUST0715,Female,58,Delhi
CUST0716,Female,43,Hyderabad
CUST0717,Male,29,Chennai
CUST0718,Female,62,Chennai
CUST0719,Male,40,Delhi
CUST0720,Male,59,Chennai
CUST0721,Male,54,Delhi
CUST0722,Male,49,Kolkata
CUST0723,Female,25,Mumbai
CUST0724,Female,49,Bangalore
CUST0725,Female,54,Pune
CUST0726,Male,69,Delhi
CUST0727,Male,70,Chennai
CUST0728,Male,52,Mumbai
CUST0729,Male,53,Hyderabad
CUST0730,Male,53,Mumbai
CUST0731,Male,21,Mumbai
CUST0732,Male,46,Pune
CUST0733,Male,69,Bangalore
CUST0734,Male,56,Bangalore
CUST0735,Female,67,Chennai
CUST0736,Female,23,Pune
CUST0737,Female,25,Chennai
CUST0738,Female,46,Pune
CUST0739,Female,69,Hyderabad
CUST0740,Female,52,Bangalore
CUST0741,Male,33,Bangalore
CUST0742,Male,46,Kolkata
CUST0743,Female,22,Kolkata
CUST0744,Female,55,Delhi
CUST0745,Male,50,Bangalore
CUST0746,Female,59,Hyderabad
CUST0747,Female,31,Hyderabad
CUST0748,Female,52,Bangalore
CUST0749,Male,47,Chennai
CUST0750,Female,32,Chennai
CUST0751,Female,50,Delhi
CUST0752,Male,20,Pune
CUST0753,Female,55,Mumbai
CUST0754,Male,27,Bangalore
CUST0755,Male,54,Hyderabad
CUST0756,Male,45,Bangalore
CUST0757,Male,32,Pune
CUST0758,Male,41,Chennai
CUST0759,Female,34,Bangalore
CUST0760,Female,58,Hyderabad
CUST0761,Male,58,Delhi
CUST0762,Male,18,Kolkata
CUST0763,Male,37,Bangalore
CUST0764,Female,46,Chennai
CUST0765,Female,61,Bangalore
CUST0766,Male,35,Kolkata
CUST0767,Female,26,Kolkata
CUST0768,Male,28,Kolkata
CUST0769,Male,50,Hyderabad
CUST0770,Female,26,Pune
CUST0771,Female,68,Chennai
CUST0772,Female,48,Delhi
CUST0773,Female,67,Chennai
CUST0774,Male,23,Hyderabad
CUST0775,Female,18,Hyderabad
CUST0776,Male,24,Pune
CUST0777,Female,26,Hyderabad
CUST0778,Male,69,Delhi
CUST0779,Male,37,Hyderabad
CUST0780,Male,30,Kolkata
CUST0781,Male,24,Chennai
CUST0782,Male,28,Pune
CUST0783,Female,45,Kolkata
CUST0784,Male,28,Pune
CUST0785,Female,67,Kolkata
CUST0786,Female,39,Bangalore
CUST0787,Male,54,Delhi
CUST0788,Male,41,Delhi
CUST0789,Female,30,Mumbai
CUST0790,Male,64,Chennai
CUST0791,Male,54,Bangalore
CUST0792,Female,23,Bangalore
CUST0793,Male,54,Bangalore
CUST0794,Female,58,Pune
CUST0795,Female,23,Chennai
CUST0796,Male,38,Kolkata
CUST0797,Male,66,Delhi
CUST0798,Male,66,Mumbai
CUST0799,Male,26,Bangalore
CUST0800,Male,29,Chennai
CUST0801,Female,47,Hyderabad
CUST0802,Male,32,Delhi
CUST0803,Female,42,Chennai
CUST0804,Male,40,Chennai
CUST0805,Male,37,Chennai
CUST0806,Female,61,Pune
CUST0807,Female,47,Delhi
CUST0808,Female,38,Bangalore
CUST0809,Female,47,Hyderabad
CUST0810,Male,42,Hyderabad
CUST0811,Male,45,Mumbai
CUST0812,Female,35,Chennai
CUST0813,Female,24,Bangalore
CUST0814,Female,38,Delhi
CUST0815,Female,53,Bangalore
CUST0816,Female,44,Kolkata
CUST0817,Female,29,Bangalore
CUST0818,Male,60,Delhi
CUST0819,Female,66,Kolkata
CUST0820,Female,19,Mumbai
CUST0821,Female,41,Kolkata
CUST0822,Female,33,Pune
CUST0823,Female,42,Pune
CUST0824,Male,41,Mumbai
CUST0825,Male,68,Bangalore
CUST0826,Female,62,Mumbai
CUST0827,Female,48,Bangalore
CUST0828,Male,55,Kolkata
CUST0829,Female,42,Kolkata
CUST0830,Male,59,Delhi
CUST0831,Female,58,Hyderabad
CUST0832,Male,32,Mumbai
CUST0833,Male,33,Kolkata
CUST0834,Female,37,Bangalore
CUST0835,Female,58,Delhi
CUST0836,Male,49,Hyderabad
CUST0837,Male,30,Pune
CUST0838,Female,68,Mumbai
CUST0839,Female,39,Chennai
CUST0840,Female,19,Kolkata
CUST0841,Female,35,Delhi
CUST0842,Male,21,Mumbai
CUST0843,Male,55,Hyderabad
CUST0844,Female,41,Delhi
CUST0845,Female,45,Kolkata
CUST0846,Female,36,Mumbai
CUST0847,Male,67,Chennai
CUST0848,Male,43,Hyderabad
CUST0849,Male,67,Mumbai
CUST0850,Female,22,Mumbai
CUST0851,Female,25,Delhi
CUST0852,Male,50,Chennai
CUST0853,Female,50,Pune
CUST0854,Female,32,Mumbai
CUST0855,Male,26,Hyderabad
CUST0856,Male,41,Chennai
CUST0857,Male,65,Chennai
CUST0858,Female,44,Kolkata
CUST0859,Male,48,Kolkata
CUST0860,Male,33,Pune
CUST0861,Male,65,Chennai
CUST0862,Female,30,Bangalore
CUST0863,Female,69,Chennai
CUST0864,Male,25,Kolkata
CUST0865,Male,27,Mumbai
CUST0866,Male,61,Chennai
CUST0867,Female,38,Pune
CUST0868,Male,66,Kolkata
CUST0869,Male,31,Kolkata
CUST0870,Female,27,Hyderabad
CUST0871,Female,66,Hyderabad
CUST0872,Female,44,Pune
CUST0873,Female,33,Hyderabad
CUST0874,Male,54,Chennai
CUST0875,Female,60,Pune
CUST0876,Female,40,Pune
CUST0877,Male,49,Mumbai
CUST0878,Female,30,Kolkata
CUST0879,Female,66,Bangalore
CUST0880,Female,26,Delhi
CUST0881,Female,32,Kolkata
CUST0882,Male,44,Mumbai
CUST0883,Female,52,Pune
CUST0884,Male,64,Mumbai
CUST0885,Male,53,Hyderabad
CUST0886,Female,45,Hyderabad
CUST0887,Female,18,Mumbai
CUST0888,Male,19,Bangalore
CUST0889,Male,63,Delhi
CUST0890,Male,53,Hyderabad
CUST0891,Female,29,Kolkata
CUST0892,Male,52,Bangalore
CUST0893,Female,60,Mumbai
CUST0894,Female,20,Pune
CUST0895,Male,36,Chennai
CUST0896,Female,49,Delhi
CUST0897,Male,37,Mumbai
CUST0898,Female,22,Pune
CUST0899,Female,29,Pune
CUST0900,Female,31,Delhi
CUST0901,Female,26,Bangalore
CUST0902,Female,36,Delhi
CUST0903,Male,20,Kolkata
CUST0904,Male,67,Chennai
CUST0905,Female,27,Kolkata
CUST0906,Female,21,Delhi
CUST0907,Female,67,Hyderabad
CUST0908,Male,61,Bangalore
CUST0909,Male,42,Hyderabad
CUST0910,Female,31,Hyderabad
CUST0911,Male,54,Chennai
CUST0912,Male,52,Chennai
CUST0913,Male,62,Mumbai
CUST0914,Female,38,Bangalore
CUST0915,Male,65,Mumbai
CUST0916,Male,44,Pune
CUST0917,Male,26,Bangalore
CUST0918,Male,41,Pune
CUST0919,Male,40,Bangalore
CUST0920,Male,21,Pune
CUST0921,Male,65,Pune
CUST0922,Female,44,Bangalore
CUST0923,Male,19,Pune
CUST0924,Female,57,Delhi
CUST0925,Male,23,Kolkata
CUST0926,Male,48,Mumbai
CUST0927,Male,62,Chennai
CUST0928,Female,70,Pune
CUST0929,Female,23,Chennai
CUST0930,Female,66,Chennai
CUST0931,Female,47,Hyderabad
CUST0932,Male,27,Mumbai
CUST0933,Male,49,Kolkata
CUST0934,Female,69,Bangalore
CUST0935,Female,69,Hyderabad
CUST0936,Female,68,Mumbai
CUST0937,Female,54,Hyderabad
CUST0938,Female,22,Kolkata
CUST0939,Female,53,Kolkata
CUST0940,Female,33,Mumbai
CUST0941,Female,58,Delhi
CUST0942,Male,21,Hyderabad
CUST0943,Female,38,Delhi
CUST0944,Female,40,Mumbai
CUST0945,Female,28,Mumbai
CUST0946,Male,50,Mumbai
CUST0947,Male,55,Kolkata
CUST0948,Female,50,Hyderabad
CUST0949,Female,31,Pune
CUST0950,Female,41,Hyderabad
CUST0951,Female,64,Delhi
CUST0952,Male,18,Bangalore
CUST0953,Female,59,Pune
CUST0954,Male,48,Hyderabad
CUST0955,Female,19,Bangalore
CUST0956,Male,60,Hyderabad
CUST0957,Male,36,Chennai
CUST0958,Male,55,Bangalore
CUST0959,Female,46,Pune
CUST0960,Male,70,Hyderabad
CUST0961,Female,49,Hyderabad
CUST0962,Female,27,Bangalore
CUST0963,Male,52,Bangalore
CUST0964,Female,18,Pune
CUST0965,Female,66,Delhi
CUST0966,Male,33,Mumbai
CUST0967,Male,50,Mumbai
CUST0968,Male,36,Mumbai
CUST0969,Female,20,Kolkata
CUST0970,Male,46,Bangalore
CUST0971,Female,48,Kolkata
CUST0972,Female,53,Bangalore
CUST0973,Male,50,Chennai
CUST0974,Female,48,Delhi
CUST0975,Male,33,Bangalore
CUST0976,Female,46,Delhi
CUST0977,Male,63,Bangalore
CUST0978,Female,50,Hyderabad
CUST0979,Female,35,Kolkata
CUST0980,Female,35,Kolkata
CUST0981,Male,25,Kolkata
CUST0982,Female,52,Kolkata
CUST0983,Female,50,Delhi
CUST0984,Male,22,Bangalore
CUST0985,Female,45,Pune
CUST0986,Female,31,Mumbai
CUST0987,Male,35,Chennai
CUST0988,Female,19,Hyderabad
CUST0989,Male,56,Hyderabad
CUST0990,Male,59,Mumbai
CUST0991,Female,41,Hyderabad
CUST0992,Male,34,Pune
CUST0993,Male,57,Hyderabad
CUST0994,Male,22,Pune
CUST0995,Female,50,Bangalore
CUST0996,Female,33,Chennai
CUST0997,Female,51,Delhi
CUST0998,Female,37,Chennai
CUST0999,Male,59,Chennai
CUST1000,Male,44,Bangalore
